{"cameraMode":{"drawMode":0,"name":"Shaded","section":"Shading Mode"},"sceneLighting":false,"audioPlay":false,"sceneViewState":{"showFog":true,"showMaterialUpdate":false,"showSkybox":false,"showFlares":true,"showImageEffects":true,"showParticleSystems":true},"in2DMode":false,"pivot":{"x":0.22516867518424989,"y":0.060058265924453738,"z":0.14758579432964326},"rotation":{"x":-0.0900975689291954,"y":0.7496984601020813,"z":-0.10435684025287628,"w":-0.6472597122192383},"size":0.3642675578594208,"orthographic":false}