{"cameraMode":{"drawMode":0,"name":"Shaded","section":"Shading Mode"},"sceneLighting":false,"audioPlay":false,"sceneViewState":{"showFog":true,"showMaterialUpdate":false,"showSkybox":true,"showFlares":true,"showImageEffects":true,"showParticleSystems":true},"in2DMode":false,"pivot":{"x":247.47203063964845,"y":-718.8331909179688,"z":-1618.2259521484375},"rotation":{"x":0.01454510074108839,"y":0.9746384620666504,"z":-0.21584317088127137,"w":0.057360608130693439},"size":880.0459594726563,"orthographic":false}