{"cameraMode":{"drawMode":0,"name":"Shaded","section":"Shading Mode"},"sceneLighting":false,"audioPlay":false,"sceneViewState":{"showFog":true,"showMaterialUpdate":false,"showSkybox":true,"showFlares":true,"showImageEffects":true,"showParticleSystems":true},"in2DMode":false,"pivot":{"x":81.49931335449219,"y":1.2777256965637208,"z":-52.87043380737305},"rotation":{"x":-0.07775434851646424,"y":-0.5922437310218811,"z":0.055314671248197559,"w":-0.800112783908844},"size":6.611575603485107,"orthographic":false}