{"cameraMode":{"drawMode":0,"name":"Shaded","section":"Shading Mode"},"sceneLighting":false,"audioPlay":false,"sceneViewState":{"showFog":true,"showMaterialUpdate":false,"showSkybox":true,"showFlares":true,"showImageEffects":true,"showParticleSystems":true},"in2DMode":false,"pivot":{"x":-129.8090057373047,"y":-1075.0059814453125,"z":-1336.529541015625},"rotation":{"x":-0.02588219754397869,"y":0.9382017850875855,"z":-0.3363122344017029,"w":-0.0775398463010788},"size":880.0459594726563,"orthographic":false}