{"cameraMode":{"drawMode":0,"name":"Shaded","section":"Shading Mode"},"sceneLighting":false,"audioPlay":false,"sceneViewState":{"showFog":true,"showMaterialUpdate":false,"showSkybox":true,"showFlares":true,"showImageEffects":true,"showParticleSystems":true},"in2DMode":false,"pivot":{"x":465.4557189941406,"y":-580.0274047851563,"z":-1534.8067626953125},"rotation":{"x":0.025339599698781968,"y":0.9751390218734741,"z":-0.17927299439907075,"w":0.1278373748064041},"size":855.4223022460938,"orthographic":false}