{"cameraMode":{"drawMode":0,"name":"Shaded","section":"Shading Mode"},"sceneLighting":false,"audioPlay":false,"sceneViewState":{"showFog":true,"showMaterialUpdate":false,"showSkybox":true,"showFlares":true,"showImageEffects":true,"showParticleSystems":true},"in2DMode":false,"pivot":{"x":12.447553634643555,"y":5.33303689956665,"z":62.01604461669922},"rotation":{"x":-0.11064424365758896,"y":0.7790824174880981,"z":-0.14362654089927674,"w":-0.6001470685005188},"size":20.03989601135254,"orthographic":false}