{"cameraMode":{"drawMode":0,"name":"Shaded","section":"Shading Mode"},"sceneLighting":true,"audioPlay":false,"sceneViewState":{"showFog":true,"showMaterialUpdate":false,"showSkybox":false,"showFlares":true,"showImageEffects":true,"showParticleSystems":true},"in2DMode":false,"pivot":{"x":43.2400016784668,"y":16.639999389648439,"z":72.1500015258789},"rotation":{"x":-0.009271369315683842,"y":0.9373854398727417,"z":0.02502511627972126,"w":0.3472816050052643},"size":1.2247449159622193,"orthographic":false}