{"cameraMode":{"drawMode":0,"name":"Shaded","section":"Shading Mode"},"sceneLighting":true,"audioPlay":false,"sceneViewState":{"showFog":true,"showMaterialUpdate":false,"showSkybox":true,"showFlares":true,"showImageEffects":true,"showParticleSystems":true},"in2DMode":false,"pivot":{"x":-14.809781074523926,"y":-8.122468948364258,"z":103.0234146118164},"rotation":{"x":0.011460458859801293,"y":0.9835714101791382,"z":-0.16712617874145509,"w":0.06746762245893479},"size":5.816159248352051,"orthographic":false}