{"cameraMode":{"drawMode":0,"name":"Shaded","section":"Shading Mode"},"sceneLighting":true,"audioPlay":false,"sceneViewState":{"showFog":true,"showMaterialUpdate":false,"showSkybox":true,"showFlares":true,"showImageEffects":true,"showParticleSystems":true},"in2DMode":false,"pivot":{"x":11.273863792419434,"y":1.227786660194397,"z":29.2308406829834},"rotation":{"x":-0.08759094029664993,"y":0.7979331612586975,"z":-0.11962368339300156,"w":-0.5842487812042236},"size":5.816159248352051,"orthographic":false}