{"cameraMode":{"drawMode":0,"name":"Shaded","section":"Shading Mode"},"sceneLighting":false,"audioPlay":false,"sceneViewState":{"showFog":false,"showMaterialUpdate":false,"showSkybox":false,"showFlares":false,"showImageEffects":false,"showParticleSystems":false},"in2DMode":false,"pivot":{"x":8.168737411499024,"y":1.652157187461853,"z":27.79100799560547},"rotation":{"x":0.1005222275853157,"y":0.1857335865497589,"z":-0.01910482347011566,"w":0.9772581458091736},"size":6.274643898010254,"orthographic":false}